CRM ID,Customer Age (Months)
CRM-1471650,24
CRM-1516050,13
CRM-1087300,25
CRM-1467150,12
CRM-230550,12
CRM-1470950,22
CRM-1526100,11
CRM-1506400,13
CRM-1507900,12
CRM-1430550,28
CRM-484050,7
CRM-1485600,22
CRM-1479150,13
CRM-1485450,13
CRM-1485500,13
CRM-1485550,13
CRM-1548450,7
CRM-154400,70
CRM-1521000,7
CRM-1513350,7
CRM-429950,24
CRM-343100,14
CRM-445700,30
CRM-1497700,20
CRM-1459650,12
CRM-309850,50
CRM-1490400,19
CRM-1514100,13
CRM-647000,29
CRM-1468500,25
CRM-1530300,3
CRM-1455050,25
CRM-1570450,6
CRM-1487050,16
CRM-1482350,13
CRM-1434900,13
CRM-5452900,17
CRM-1500950,11
CRM-1435400,32
CRM-1554450,4
CRM-552050,3
CRM-542600,15
CRM-289800,29
CRM-355050,55
CRM-262900,4
CRM-157900,10
CRM-1451500,22
CRM-1448100,12
CRM-1399350,6
CRM-826800,26
CRM-759650,26
CRM-1097250,38
CRM-1454500,12
CRM-165900,72
CRM-1489200,18
CRM-1489100,18
CRM-1589350,4
CRM-1396700,12
CRM-957200,25
CRM-527200,38
CRM-332600,42
CRM-383850,39
CRM-1520400,8
CRM-1517150,7
CRM-205000,10
CRM-1520650,13
CRM-1464300,17
CRM-1578950,6
CRM-1253400,13
CRM-150500,72
CRM-835900,36
CRM-152900,72
CRM-1551100,4
CRM-1554650,4
CRM-1575550,4
CRM-1492900,19
CRM-1523550,4
CRM-1161800,25
CRM-5612650,4
CRM-1467350,25
CRM-183300,69
CRM-1478900,22
CRM-176700,49
CRM-1160350,34
CRM-350250,17
CRM-1497450,16
CRM-158950,16
CRM-335250,36
CRM-1464800,26
CRM-1500850,14
CRM-1458050,12
CRM-690000,44
CRM-1489700,19
CRM-1456200,27
CRM-1485400,15
CRM-703550,12
CRM-534000,22
CRM-154450,39
CRM-1481250,12
CRM-159850,70
CRM-1570500,4
CRM-175100,16
CRM-1491900,19
CRM-387950,7
CRM-159150,72
CRM-1455350,9
CRM-1489250,18
CRM-1516200,13
CRM-1445650,28
CRM-1573650,4
CRM-1589700,4
CRM-1528550,11
CRM-706700,8
CRM-1489400,18
CRM-1501100,16
CRM-1559050,7
CRM-1545050,3
CRM-1497250,10
CRM-1528350,6
CRM-1534600,3
CRM-1481050,22
CRM-1481600,22
CRM-845700,40
CRM-1510450,12
CRM-1559300,7
CRM-570900,12
CRM-1469000,6
CRM-476900,49
CRM-1481750,21
CRM-168600,43
CRM-309400,43
CRM-152150,54
CRM-175150,36
CRM-175250,43
CRM-175200,43
CRM-706750,40
CRM-1511700,3
CRM-1442100,31
CRM-1607850,6
CRM-1605500,5
CRM-1575050,2
CRM-783250,32
CRM-1328050,25
CRM-1450800,11
CRM-372100,53
CRM-1515900,13
CRM-1493700,19
CRM-1494100,20
CRM-160250,28
CRM-259600,2
CRM-1454050,28
CRM-1460950,2
CRM-157650,41
CRM-1460000,12
CRM-1487700,14
CRM-397600,4
CRM-401300,55
CRM-927800,40
CRM-552650,48
CRM-609850,12
CRM-1567800,4
CRM-1538850,7
CRM-385900,25
CRM-552600,39
CRM-161850,34
CRM-1496400,15
CRM-387200,54
CRM-1441150,13
CRM-1577150,5
CRM-165050,27
CRM-1459850,17
CRM-1560950,7
CRM-1497750,20
CRM-796350,37
CRM-1507050,5
CRM-1507100,5
CRM-1507150,5
CRM-1056600,28
CRM-1437150,30
CRM-1502300,13
CRM-268900,57
CRM-175300,4
CRM-1600450,3
CRM-1077950,9
CRM-1077850,9
CRM-908950,36
CRM-1078000,9
CRM-1515050,13
CRM-1031550,18
CRM-175350,37
CRM-166100,72
CRM-1250100,7
CRM-320250,13
CRM-505000,47
CRM-320200,13
CRM-1272750,13
CRM-753900,24
CRM-150550,7
CRM-1475550,24
CRM-277800,53
CRM-166050,72
CRM-1436600,21
CRM-1497650,17
CRM-1481550,9
CRM-162250,2
CRM-1063550,5
CRM-1487650,3
CRM-1430050,24
CRM-793200,27
CRM-1466100,11
CRM-5604300,1
CRM-334000,26
CRM-1019500,36
CRM-378850,54
CRM-1503950,14
CRM-1079000,37
CRM-1453650,23
CRM-1468100,5
CRM-317600,20
CRM-1598950,3
CRM-1201450,3
CRM-329450,32
CRM-703450,45
CRM-703500,45
CRM-703400,45
CRM-1501200,15
CRM-550150,36
CRM-1324000,3
CRM-370200,38
CRM-847750,18
CRM-1516450,12
CRM-180400,5
CRM-828400,37
CRM-1281200,35
CRM-1492050,22
CRM-1468800,22
CRM-1234250,31
CRM-152400,4
CRM-565500,49
CRM-1103750,37
CRM-1511150,5
CRM-5604250,2
CRM-1056650,28
CRM-732750,40
CRM-1498300,3
CRM-1474750,13
CRM-927750,40
CRM-1043250,37
CRM-1565050,4
CRM-927700,40
CRM-1485950,6
CRM-1573900,5
CRM-1446950,24
CRM-160200,26
CRM-5600750,3
CRM-583300,5
CRM-276350,37
CRM-1444600,30
CRM-1516850,3
CRM-1521100,3
CRM-230500,63
CRM-1088650,9
CRM-236800,58
CRM-547850,18
CRM-163250,56
CRM-674700,2
CRM-224800,52
CRM-247350,4
CRM-1471500,3
CRM-1531900,10
CRM-158900,18
CRM-1479450,22
CRM-1484900,15
CRM-1529500,11
CRM-1280200,26
CRM-346400,53
CRM-224850,13
CRM-273900,11
CRM-701050,42
CRM-156550,1
CRM-547900,1
CRM-312300,4
CRM-1149100,34
CRM-312250,2
CRM-440800,53
CRM-498000,14
CRM-531400,3
CRM-1539250,3
CRM-1509600,12
CRM-165100,18
CRM-199700,47
CRM-1493400,19
CRM-1560800,4
CRM-834200,6
CRM-1261350,6
CRM-1568050,2
CRM-166650,4
CRM-1517050,9
CRM-234900,11
CRM-1541700,9
CRM-1539300,9
CRM-1539350,9
CRM-1486250,7
CRM-1177150,16
CRM-578400,54
CRM-1552200,7
CRM-1326000,14
CRM-156350,26
CRM-155350,70
CRM-1600300,2
CRM-1449100,28
CRM-1588050,1
CRM-427350,6
CRM-467600,5
CRM-507000,11
CRM-155850,72
CRM-547550,50
CRM-513750,47
CRM-1552950,6
CRM-349050,57
CRM-1479200,19
CRM-1465300,11
CRM-1233700,13
CRM-1290050,30
CRM-237150,37
CRM-635850,3
CRM-1478100,23
CRM-1521050,3
CRM-174350,10
CRM-1606400,6
CRM-1456350,24
CRM-558200,34
CRM-1467050,12
CRM-1456050,3
CRM-1476450,25
CRM-1476150,22
CRM-672900,46
CRM-1585500,4
CRM-739750,25
CRM-158850,56
CRM-1467900,24
CRM-1584400,1
CRM-1506750,12
CRM-245150,36
CRM-1456500,12
CRM-150950,45
CRM-986100,26
CRM-1502900,15
CRM-1441450,14
CRM-1495550,12
CRM-561350,3
CRM-152700,3
CRM-153000,9
CRM-1514550,13
CRM-751350,31
CRM-1441700,28
CRM-907950,41
CRM-404250,5
CRM-1493050,18
CRM-166000,39
CRM-1494150,19
CRM-1456750,28
CRM-304350,6
CRM-1497800,20
CRM-270200,12
CRM-1456650,26
CRM-1475350,23
CRM-337900,56
CRM-1483500,12
CRM-499600,26
CRM-1485650,12
CRM-1188300,12
CRM-5608700,1
CRM-608550,7
CRM-1580550,4
CRM-1494000,16
CRM-1456800,13
CRM-1465200,12
CRM-734450,4
CRM-1267350,35
CRM-1267450,25
CRM-1267400,12
CRM-1569700,7
CRM-1569750,7
CRM-1468200,24
CRM-1535100,7
CRM-1487450,12
CRM-198350,47
CRM-1464150,5
CRM-1102150,38
CRM-1579000,4
CRM-1502250,3
CRM-1480550,22
CRM-594300,22
CRM-1492200,12
CRM-1569550,5
CRM-1521500,11
CRM-331350,6
CRM-503800,21
CRM-329000,60
CRM-1437350,31
CRM-1519950,14
CRM-1601250,5
CRM-1460150,17
CRM-1471550,12
CRM-1481850,3
CRM-1478150,13
CRM-476500,49
CRM-343000,24
CRM-596050,15
CRM-304800,13
CRM-1480600,22
CRM-1510950,13
CRM-591000,47
CRM-927200,39
CRM-1446750,23
CRM-160100,19
CRM-5617700,11
CRM-422800,25
CRM-382950,9
CRM-940500,3
CRM-1517800,13
CRM-923850,16
CRM-1587550,6
CRM-1466750,18
CRM-1359600,12
CRM-556900,48
CRM-183400,24
CRM-1488700,18
CRM-1559500,8
CRM-1530950,10
CRM-1496900,16
CRM-879150,15
CRM-1442200,9
CRM-1333000,6
CRM-153300,71
CRM-477000,35
CRM-1471600,19
CRM-1486450,13
CRM-290550,23
CRM-1490450,19
CRM-1605600,2
CRM-1458100,25
CRM-165700,43
CRM-1042500,6
CRM-273850,37
CRM-863700,17
CRM-885550,25
CRM-885600,19
CRM-1607100,5
CRM-244950,4
CRM-1049850,15
CRM-236600,20
CRM-262450,51
CRM-1559900,4
CRM-1597400,4
CRM-1436200,5
CRM-1492450,1
CRM-1471400,24
CRM-1494300,19
CRM-1537800,10
CRM-1502700,16
CRM-1437050,32
CRM-1515700,13
CRM-1002400,39
CRM-1585800,1
CRM-1483050,19
CRM-656700,16
CRM-1456600,22
CRM-1500200,16
CRM-1520250,13
CRM-172850,68
CRM-424550,54
CRM-547400,38
CRM-1447100,30
CRM-1485750,21
CRM-1464850,12
CRM-897850,37
CRM-349150,57
CRM-1447650,30
CRM-1447400,12
CRM-1553000,6
CRM-908900,42
CRM-424500,54
CRM-1589750,4
CRM-1567700,3
CRM-156100,72
CRM-1577250,4
CRM-1233850,13
CRM-1502750,14
CRM-1497050,4
CRM-558150,44
CRM-1528600,6
CRM-1472200,23
CRM-5605550,1
CRM-607700,48
CRM-510050,50
CRM-159400,6
CRM-476700,49
CRM-1490150,12
CRM-1467750,25
CRM-1438350,2
CRM-1552300,4
CRM-670600,45
CRM-552000,6
CRM-1526000,2
CRM-843200,13
CRM-1457150,13
CRM-1034750,12
CRM-941800,41
CRM-1446900,29
CRM-1441050,29
CRM-1441100,29
CRM-1478350,21
CRM-950700,40
CRM-1500250,16
CRM-285500,3
CRM-893950,24
CRM-1053700,34
CRM-1500450,16
CRM-1534450,10
CRM-262500,19
CRM-359950,7
CRM-360000,7
CRM-654100,23
CRM-1598150,6
CRM-1478800,3
CRM-1490200,6
CRM-340500,4
CRM-724550,42
CRM-398050,51
CRM-1587000,4
CRM-1467950,23
CRM-1520850,11
CRM-393800,44
CRM-1513850,14
CRM-1521200,3
CRM-1549300,4
CRM-1532500,4
CRM-197800,2
CRM-1586350,3
CRM-1078200,9
CRM-1579850,4
CRM-1450700,4
CRM-1458200,12
CRM-418850,6
CRM-1286600,21
CRM-1476200,12
CRM-174450,14
CRM-1483600,20
CRM-676850,27
CRM-1555750,4
CRM-1458300,25
CRM-508550,28
CRM-444950,13
CRM-600200,10
CRM-756850,27
CRM-576500,34
CRM-651350,44
CRM-1165050,36
CRM-1554800,3
CRM-1474700,3
CRM-1450550,15
CRM-303900,51
CRM-166800,57
CRM-1509500,14
CRM-1466500,22
CRM-325050,30
CRM-1500300,14
CRM-369900,6
CRM-155550,72
CRM-576050,6
CRM-159200,72
CRM-1521250,12
CRM-1483150,19
CRM-1337250,34
CRM-1552350,6
CRM-200350,65
CRM-1513300,13
CRM-1450500,29
CRM-1457450,24
CRM-1457500,19
CRM-187350,4
CRM-597900,24
CRM-1432700,12
CRM-1553050,7
CRM-1475250,15
CRM-252200,24
CRM-159650,50
CRM-254300,5
CRM-606700,4
CRM-1441800,17
CRM-1288650,3
CRM-1503600,15
CRM-267900,6
CRM-709650,6
CRM-246300,58
CRM-1463350,7
CRM-1507300,15
CRM-151100,3
CRM-190300,67
CRM-158700,72
CRM-1436850,11
CRM-1514050,13
CRM-1499900,12
CRM-1500400,12
CRM-1165250,27
CRM-161750,34
CRM-1493250,18
CRM-1474400,23
CRM-1588950,3
CRM-908150,7
CRM-1518250,10
CRM-1471050,21
CRM-1542450,7
CRM-197850,55
CRM-1473350,11
CRM-166600,9
CRM-1597000,4
CRM-646950,16
CRM-1172350,32
CRM-1488800,18
CRM-1488850,19
CRM-1531800,9
CRM-5600650,2
CRM-169500,12
CRM-1607650,4
CRM-1461300,13
CRM-231100,37
CRM-1492550,25
CRM-1346850,13
CRM-1531000,10
CRM-1483550,3
CRM-1310400,6
CRM-584150,6
CRM-169600,7
CRM-156200,7
CRM-1179000,3
CRM-1533750,8
CRM-1589600,3
CRM-1517500,13
CRM-167000,72
CRM-174500,35
CRM-1461550,24
CRM-1509200,13
CRM-1606650,2
CRM-1606700,2
CRM-1606750,2
CRM-1602000,2
CRM-1606800,2
CRM-1606850,2
CRM-1516100,12
CRM-1443050,2
CRM-618050,51
CRM-1509900,14
CRM-1145350,8
CRM-412200,28
CRM-1511400,14
CRM-1325650,11
CRM-1492100,19
CRM-796600,10
CRM-157450,72
CRM-1503150,12
CRM-1520000,12
CRM-796400,38
CRM-1293200,10
CRM-1574350,4
CRM-1100500,38
CRM-1500900,13
CRM-1536350,9
CRM-5600850,1
CRM-1584450,1
CRM-1434700,17
CRM-166450,59
CRM-801400,3
CRM-1516700,10
CRM-393100,2
CRM-1484950,20
CRM-1461000,24
CRM-1478200,23
CRM-790100,10
CRM-183550,21
CRM-335100,19
CRM-1461800,24
CRM-1530150,10
CRM-250350,24
CRM-1468700,25
CRM-199350,10
CRM-1141400,7
CRM-532950,49
CRM-1501300,16
CRM-596350,47
CRM-1498050,3
CRM-879300,40
CRM-1451650,8
CRM-1502800,6
CRM-561550,37
CRM-185750,53
CRM-404600,7
CRM-615050,47
CRM-1479700,4
CRM-155950,72
CRM-424400,54
CRM-547500,38
CRM-1447200,30
CRM-1464900,12
CRM-291550,42
CRM-349000,60
CRM-1091300,36
CRM-1447250,12
CRM-1553100,6
CRM-417150,53
CRM-424450,54
CRM-1485850,21
CRM-197700,17
CRM-5604950,1
CRM-158650,35
CRM-1446300,12
CRM-1157000,24
CRM-1440050,30
CRM-739100,36
CRM-277750,23
CRM-1534800,9
CRM-305050,59
CRM-1219750,28
CRM-767350,41
CRM-1509800,14
CRM-1510000,14
CRM-1481900,3
CRM-169250,35
CRM-1562600,4
CRM-862150,39
CRM-1489950,17
CRM-182200,67
CRM-387600,27
CRM-1564450,4
CRM-842450,29
CRM-5607600,29
CRM-165800,20
CRM-175450,5
CRM-1048200,20
CRM-1567350,6
CRM-1454650,25
CRM-1465950,25
CRM-630600,25
CRM-1460200,17
CRM-639900,7
CRM-812150,22
CRM-1494900,12
CRM-1456450,28
CRM-316600,27
CRM-1463800,12
CRM-439300,51
CRM-851200,27
CRM-1507250,15
CRM-1531100,9
CRM-1485050,19
CRM-161800,47
CRM-1551650,8
CRM-1441600,33
CRM-1522100,11
CRM-1147000,6
CRM-1545900,4
CRM-1482300,12
CRM-574550,7
CRM-1485250,12
CRM-1597050,4
CRM-1597100,4
CRM-166550,29
CRM-1516350,12
CRM-1515100,12
CRM-1468750,24
CRM-1285150,34
CRM-1434650,26
CRM-788050,29
CRM-1495950,17
CRM-1509550,9
CRM-5603050,1
CRM-1455700,2
CRM-1560900,2
CRM-775950,39
CRM-788700,41
CRM-1442050,18
CRM-1487800,16
CRM-1551550,6
CRM-785300,42
CRM-288000,23
CRM-335450,18
CRM-1444650,11
CRM-1553850,7
CRM-166900,44
CRM-1441000,31
CRM-157800,60
CRM-1542800,6
CRM-1544000,5
CRM-316250,57
CRM-514100,24
CRM-557550,15
CRM-589000,3
CRM-414650,50
CRM-1518100,10
CRM-738700,12
CRM-1553150,7
CRM-1587250,1
CRM-804100,13
CRM-644400,12
CRM-915650,7
CRM-156150,13
CRM-796050,40
CRM-1460350,6
CRM-862100,39
CRM-1124350,32
CRM-1430200,10
CRM-714600,44
CRM-1427700,24
CRM-1546750,7
CRM-1441400,5
CRM-679600,32
CRM-1449200,1
CRM-205900,62
CRM-185300,68
CRM-1442700,11
CRM-1510400,10
CRM-331400,36
CRM-782950,42
CRM-1516250,13
CRM-5599400,1
CRM-5603000,1
CRM-1481950,20
CRM-1171350,24
CRM-1476350,19
CRM-1470150,26
CRM-754150,10
CRM-1502000,13
CRM-927650,5
CRM-1559650,6
CRM-542800,17
CRM-557000,26
CRM-1507950,14
CRM-152800,33
CRM-1466600,24
CRM-1476100,12
CRM-1538950,8
CRM-1605450,1
CRM-1525900,10
CRM-1510300,15
CRM-1510350,15
CRM-755350,10
CRM-1450450,28
CRM-476800,7
CRM-201850,11
CRM-551500,14
CRM-1530500,10
CRM-651400,40
CRM-1512900,14
CRM-270350,49
CRM-285550,33
CRM-270850,7
CRM-200600,4
CRM-1528200,10
CRM-1357700,10
CRM-238550,54
CRM-1057850,25
CRM-490450,37
CRM-1332850,3
CRM-1446250,29
CRM-1499800,16
CRM-643900,3
CRM-735850,42
CRM-1544700,4
CRM-155700,16
CRM-1514950,10
CRM-1467200,24
CRM-1278700,6
CRM-1484400,5
CRM-278850,28
CRM-1451000,15
CRM-1572600,5
CRM-1443500,23
CRM-250400,19
CRM-5607950,1
CRM-1546550,6
CRM-1441850,16
CRM-1441900,17
CRM-1567500,5
CRM-1442000,17
CRM-1567550,3
CRM-763850,25
CRM-1505950,15
CRM-1437100,25
CRM-1557400,3
CRM-1528050,10
CRM-1536050,10
CRM-1469150,12
CRM-1461150,25
CRM-300000,15
CRM-365450,48
CRM-1487850,8
CRM-1586900,3
CRM-1470600,4
CRM-1198150,4
CRM-459900,11
CRM-1470900,13
CRM-1235500,36
CRM-1484800,12
CRM-591550,3
CRM-315700,7
CRM-1510150,14
CRM-1471300,14
CRM-1508200,15
CRM-1479850,22
CRM-1455100,28
CRM-1493800,16
CRM-1446500,29
CRM-1469300,23
CRM-1513900,13
CRM-1526350,7
CRM-511950,32
CRM-158600,72
CRM-1458750,17
CRM-1551900,5
CRM-1529450,6
CRM-287300,14
CRM-1597250,4
CRM-1459400,27
CRM-1559700,5
CRM-469700,23
CRM-1478950,13
CRM-264250,10
CRM-1477950,4
CRM-1560200,3
CRM-1477650,22
CRM-879750,40
CRM-1544450,6
CRM-166950,27
CRM-340450,57
CRM-960300,17
CRM-361450,16
CRM-597400,4
CRM-1559100,7
CRM-223950,7
CRM-1146150,5
CRM-589150,48
CRM-294600,60
CRM-280750,60
CRM-1088600,9
CRM-309800,5
CRM-457850,26
CRM-1449250,12
CRM-1525450,10
CRM-1520950,10
CRM-596250,2
CRM-1474250,12
CRM-1446450,30
CRM-954600,4
CRM-1510850,15
CRM-1203300,36
CRM-1508000,24
CRM-635550,16
CRM-1530900,12
CRM-1486400,12
CRM-159900,21
CRM-1488100,19
CRM-1440700,36
CRM-1441650,33
CRM-1490250,12
CRM-1502950,11
CRM-335900,32
CRM-1449000,31
CRM-1449050,31
CRM-1451300,30
CRM-174550,40
CRM-1499500,16
CRM-185850,20
CRM-436250,14
CRM-162100,72
CRM-923750,15
CRM-863400,3
CRM-1524000,12
CRM-1080950,2
CRM-338700,54
CRM-1429300,31
CRM-1473900,23
CRM-477400,36
CRM-176550,36
CRM-1465050,11
CRM-477600,23
CRM-292700,47
CRM-534950,12
CRM-834400,7
CRM-537550,10
CRM-1490900,19
CRM-1456400,6
CRM-1486300,20
CRM-463400,53
CRM-1179250,31
CRM-1457200,6
CRM-1461500,23
CRM-1474350,23
CRM-268600,9
CRM-1468600,12
CRM-1488150,18
CRM-296200,12
CRM-514050,24
CRM-362300,56
CRM-1336650,27
CRM-1495450,17
CRM-855400,14
CRM-1560750,6
CRM-692150,44
CRM-1186150,4
CRM-206250,63
CRM-502250,33
CRM-1189650,36
CRM-1512050,15
CRM-1512100,15
CRM-1352350,34
CRM-1352250,34
CRM-1477700,24
CRM-1477750,24
CRM-1129750,36
CRM-1352450,34
CRM-1477800,24
CRM-1477500,24
CRM-1477850,54
CRM-1352400,34
CRM-1477900,24
CRM-1477550,24
CRM-160350,61
CRM-158550,40
CRM-1585900,1
CRM-1172200,34
CRM-1456250,28
CRM-1489600,20
CRM-667900,47
CRM-208300,65
CRM-1543950,8
CRM-1414650,24
CRM-271600,35
CRM-645900,45
CRM-1429750,15
CRM-1487350,16
CRM-1521550,16
CRM-1174050,16
CRM-1162550,35
CRM-1174150,16
CRM-1521600,16
CRM-1430500,32
CRM-439200,5
CRM-1442750,23
CRM-1438550,24
CRM-1521400,19
CRM-1442600,24
CRM-764550,35
CRM-200300,55
CRM-743950,40
CRM-1516950,11
CRM-1293350,25
CRM-454800,7
CRM-351800,46
CRM-1474600,23
CRM-1444750,32
CRM-1558100,7
CRM-1466150,24
CRM-457100,17
CRM-606300,33
CRM-1252550,33
CRM-270250,49
CRM-322450,42
CRM-634000,21
CRM-753450,4
CRM-1470750,23
CRM-1486850,20
CRM-1520150,4
CRM-396600,10
CRM-1520200,11
CRM-1509950,10
CRM-519900,10
CRM-152200,35
CRM-1056700,28
CRM-999900,40
CRM-998800,50
CRM-490200,51
CRM-1488500,12
CRM-1056750,28
CRM-758650,13
CRM-1570150,4
CRM-1513450,14
CRM-1304550,17
CRM-1542650,7
CRM-1545200,6
CRM-1491750,19
CRM-1457100,24
CRM-1493200,17
CRM-157600,1
CRM-1461950,26
CRM-1359400,9
CRM-166250,70
CRM-1520700,13
CRM-1469700,7
CRM-494000,37
CRM-1501150,13
CRM-154050,12
CRM-1482250,22
CRM-1483100,22
CRM-1519450,11
CRM-386800,10
CRM-1480850,12
CRM-1463200,10
CRM-1501700,15
CRM-1472300,18
CRM-1537900,6
CRM-1565900,5
CRM-177450,10
CRM-362250,6
CRM-1158750,13
CRM-1501250,16
CRM-1474550,14
CRM-151050,35
CRM-151150,69
CRM-778300,46
CRM-1595650,1
CRM-543000,13
CRM-542900,13
CRM-542950,13
CRM-542850,13
CRM-1478550,21
CRM-159000,16
CRM-1554100,8
CRM-1522550,4
CRM-1495700,12
CRM-1607250,3
CRM-1446550,30
CRM-1562300,5
CRM-154000,12
CRM-162200,54
CRM-1146250,2
CRM-1414950,25
CRM-1462300,26
CRM-151550,12
CRM-314750,57
CRM-157550,25
CRM-417250,11
CRM-1492350,9
CRM-316700,7
CRM-418100,9
CRM-1305500,13
CRM-1471700,24
CRM-609750,15
CRM-1451950,12
CRM-404400,45
CRM-1585950,1
CRM-253750,39
CRM-1485700,3
CRM-1521650,3
CRM-533750,51
CRM-1471450,12
CRM-1526150,11
CRM-610450,4
CRM-1528400,10
CRM-1493100,18
CRM-241450,62
CRM-746700,13
CRM-1559850,6
CRM-1466450,25
CRM-586750,6
CRM-155800,69
CRM-1551150,8
CRM-1524100,11
CRM-5600500,2
CRM-998500,15
CRM-1490600,12
CRM-1525550,11
CRM-362050,19
CRM-1543200,8
CRM-157500,31
CRM-1536250,10
CRM-1462050,12
CRM-777900,43
CRM-5601600,2
CRM-1577050,5
CRM-639450,27
CRM-1553650,7
CRM-229900,35
CRM-683100,46
CRM-229950,61
CRM-633500,10
CRM-571400,14
CRM-1496700,15
CRM-376750,13
CRM-1567600,3
CRM-304750,53
CRM-1166050,24
CRM-1444300,22
CRM-806850,43
CRM-807100,43
CRM-152050,71
CRM-1508250,15
CRM-1510050,15
CRM-1510100,15
CRM-804150,22
CRM-1165300,10
CRM-199600,57
CRM-1536300,5
CRM-1445600,3
CRM-1537400,10
CRM-1549400,7
CRM-1206000,35
CRM-1543250,8
CRM-704850,36
CRM-1487750,15
CRM-1453950,15
CRM-221850,21
CRM-1052100,30
CRM-158500,23
CRM-1584050,5
CRM-907250,3
CRM-895150,15
CRM-627000,43
CRM-386750,15
CRM-1570200,4
CRM-954250,21
CRM-1450850,26
CRM-1482700,20
CRM-680600,3
CRM-1479950,11
CRM-300950,3
CRM-851850,12
CRM-262600,16
CRM-579150,12
CRM-372400,26
CRM-1506700,3
CRM-1518200,13
CRM-264050,6
CRM-1281350,4
CRM-160550,72
CRM-574650,7
CRM-1435450,37
CRM-667600,2
CRM-613050,26
CRM-338100,41
CRM-186450,30
CRM-156450,25
CRM-1559150,7
CRM-514000,24
CRM-159300,66
CRM-1459950,2
CRM-1471750,24
CRM-5605750,39
CRM-1484500,22
CRM-831150,30
CRM-1554050,7
CRM-166150,70
CRM-1558000,7
CRM-1568150,8
CRM-1473700,22
CRM-1472600,16
CRM-1288550,5
CRM-1479550,9
CRM-1430600,23
CRM-240400,6
CRM-927450,24
CRM-924350,15
CRM-1520050,12
CRM-166700,72
CRM-602800,22
CRM-1347050,35
CRM-1526650,13
CRM-1455650,27
CRM-1450750,24
CRM-201750,13
CRM-856700,9
CRM-254800,19
CRM-1078050,9
CRM-1078150,9
CRM-1078100,9
CRM-175950,6
CRM-295550,18
CRM-1510900,15
CRM-1470700,13
CRM-1607700,3
CRM-1531250,11
CRM-1052000,30
CRM-470900,7
CRM-1474650,14
CRM-1449800,9
CRM-661200,42
CRM-1511350,13
CRM-437300,1
CRM-1068750,36
CRM-1475750,24
CRM-597950,4
CRM-1599300,4
CRM-1472650,13
CRM-1205200,4
CRM-1462800,18
CRM-1473300,12
CRM-1438700,32
CRM-1440250,32
CRM-160150,69
CRM-1134350,35
CRM-5603350,1
CRM-1558150,8
CRM-1558200,8
CRM-1558250,8
CRM-1558300,8
CRM-1558350,8
CRM-1558400,8
CRM-1558450,8
CRM-1558500,8
CRM-1558550,8
CRM-1558600,8
CRM-1558650,8
CRM-1558700,8
CRM-1558750,8
CRM-1558800,8
CRM-1558850,8
CRM-1559600,8
CRM-1558900,8
CRM-1558950,8
CRM-1559000,8
CRM-1535750,8
CRM-1480300,16
CRM-1500650,17
CRM-1463500,22
CRM-537150,19
CRM-896100,10
CRM-1450100,29
CRM-163950,6
CRM-372600,17
CRM-1040600,39
CRM-1030300,32
CRM-992450,38
CRM-1025800,39
CRM-792350,42
CRM-1444500,24
CRM-711000,45
CRM-1047150,38
CRM-832650,41
CRM-165650,34
CRM-1489750,17
CRM-332050,52
CRM-292450,2
CRM-1564700,6
CRM-1482950,3
CRM-1554550,4
CRM-1600250,2
CRM-519500,37
CRM-1262600,34
CRM-157750,70
CRM-463450,53
CRM-1452000,12
CRM-1520300,12
CRM-1452700,23
CRM-189700,65
CRM-276850,17
CRM-1469200,16
CRM-781400,8
CRM-1492600,25
CRM-1525000,10
CRM-423950,5
CRM-1572850,5
CRM-156650,72
CRM-1536400,9
CRM-1516900,12
CRM-271500,12
CRM-1467600,24
CRM-548200,36
CRM-314850,55
CRM-1484250,13
CRM-820450,7
CRM-1011600,11
CRM-814900,9
CRM-555350,29
CRM-1524250,11
CRM-1420550,7
CRM-1525950,10
CRM-812200,41
CRM-556650,7
CRM-1574100,8
CRM-5604900,1
CRM-1503300,14
CRM-1478050,21
CRM-1457050,25
CRM-1466200,26
CRM-1449350,12
CRM-820800,7
CRM-1585050,4
CRM-1006000,38
CRM-242750,25
CRM-244800,63
CRM-695600,6
CRM-1486900,5
CRM-1487100,5
CRM-1486950,5
CRM-1487000,5
CRM-1032150,38
CRM-316200,6
CRM-479050,8
CRM-1169900,2
CRM-156400,72
CRM-153450,5
CRM-1469800,24
CRM-1494650,18
CRM-484400,13
CRM-1448950,25
CRM-1440200,22
CRM-1459550,26
CRM-613000,20
CRM-1468250,2
CRM-703000,42
CRM-1457850,14
CRM-156000,66
CRM-424350,54
CRM-547450,38
CRM-1293150,35
CRM-1447350,30
CRM-1447450,12
CRM-513800,47
CRM-291650,57
CRM-1091250,36
CRM-1447700,30
CRM-417200,53
CRM-424300,54
CRM-1485800,21
CRM-937700,16
CRM-467000,53
CRM-462250,53
CRM-166400,56
CRM-259200,22
CRM-1446600,29
CRM-5602550,2
CRM-1517550,12
CRM-1501050,17
CRM-1359000,4
CRM-1488650,7
CRM-1503700,12
CRM-803200,6
CRM-1506350,12
CRM-1160900,35
CRM-158350,18
CRM-1459700,12
CRM-1444550,21
CRM-1481650,2
CRM-260600,4
CRM-1437250,4
CRM-768850,28
CRM-1455250,24
CRM-1464200,14
CRM-1499350,16
CRM-1496100,15
CRM-1496150,16
CRM-1496200,16
CRM-1496350,16
CRM-1493150,12
CRM-1496750,16
CRM-1474500,12
CRM-639850,7
CRM-998550,6
CRM-1530650,10
CRM-640000,12
CRM-1552800,47
CRM-965750,10
CRM-1515950,3
CRM-271550,61
CRM-1448800,24
CRM-1468300,24
CRM-1610600,4
CRM-1471800,24
CRM-606600,48
CRM-1484300,3
CRM-1480050,12
CRM-1440950,12
CRM-1510600,11
CRM-158250,72
CRM-586000,5
CRM-319550,14
CRM-955850,26
CRM-319450,14
CRM-292000,5
CRM-515000,3
CRM-1453750,27
CRM-1283250,27
CRM-1464100,24
CRM-155500,21
CRM-1500700,8
CRM-1486000,3
CRM-1482400,19
CRM-793100,38
CRM-1130300,34
CRM-5602250,1
CRM-1520750,13
CRM-1443200,24
CRM-160000,72
CRM-169100,70
CRM-153500,1
CRM-1435350,24
CRM-1497950,20
CRM-330400,57
CRM-1495850,18
CRM-1495900,18
CRM-1483450,20
CRM-5603950,1
CRM-5604000,1
CRM-5603900,1
CRM-5603850,1
CRM-1487950,20
CRM-5604550,1
CRM-5605850,1
CRM-1488200,19
CRM-1552750,7
CRM-362650,54
CRM-1285450,18
CRM-156850,11
CRM-1577450,4
CRM-1488000,20
CRM-355700,23
CRM-460000,38
CRM-1577700,4
CRM-602150,6
CRM-313500,4
CRM-1513950,14
CRM-1473400,24
CRM-230450,63
CRM-1502350,3
CRM-1507850,13
CRM-1502400,3
CRM-1452550,12
CRM-1502450,3
CRM-1502500,3
CRM-1452600,12
CRM-796500,22
CRM-186350,35
CRM-331650,56
CRM-1279700,35
CRM-1072950,29
CRM-381600,53
CRM-1414450,28
CRM-1508050,8
CRM-1454950,27
CRM-362350,1
CRM-1514300,11
CRM-1493350,2
CRM-5603100,2
CRM-1456000,24
CRM-1557750,1
CRM-1479600,21
CRM-1559400,1
CRM-1477300,21
CRM-1488250,19
CRM-1473050,4
CRM-1357850,33
CRM-1493500,19
CRM-326850,39
CRM-219700,7
CRM-176000,8
CRM-1496850,16
CRM-1179100,32
CRM-1104650,12
CRM-1360450,6
CRM-1492650,9
CRM-155750,2
CRM-1194200,12
CRM-398000,54
CRM-1239150,3
CRM-156500,16
CRM-1488600,20
CRM-5603550,1
CRM-1463000,25
CRM-470950,16
CRM-460950,9
CRM-1489300,18
CRM-1489350,18
CRM-1465150,26
CRM-287050,2
CRM-1270150,32
CRM-800300,11
CRM-1329600,13
CRM-1484050,18
CRM-1299750,9
CRM-183600,44
CRM-1507400,1
CRM-159100,10
CRM-245100,14
CRM-639700,9
CRM-1529600,10
CRM-1544800,10
CRM-1378450,24
CRM-1573500,5
CRM-1573550,5
CRM-1482750,16
CRM-1488050,20
CRM-1559200,7
CRM-1553500,7
CRM-594050,22
CRM-1511000,12
CRM-343450,9
CRM-1598800,1
CRM-1563250,6
CRM-1029150,24
CRM-1516650,12
CRM-1562100,4
CRM-1476700,2
CRM-152100,36
CRM-1502150,13
CRM-237500,10
CRM-545150,15
CRM-231050,8
CRM-552450,36
CRM-153100,5
CRM-1552650,5
CRM-262550,18
CRM-1577100,5
CRM-1538600,6
CRM-1471100,21
CRM-1562000,5
CRM-1451700,26
CRM-888350,37
CRM-1345100,9
CRM-288100,2
CRM-1453800,27
CRM-158200,69
CRM-1476500,21
CRM-1189700,10
CRM-1508450,14
CRM-1503750,14
CRM-1503800,14
CRM-1503100,14
CRM-1503850,14
CRM-1472500,15
CRM-1588400,2
CRM-1460750,24
CRM-240750,40
CRM-153900,51
CRM-1508300,15
CRM-1105700,13
CRM-1454600,29
CRM-1500000,17
CRM-1501400,20
CRM-1479350,12
CRM-5605000,1
CRM-1459800,11
CRM-1492400,12
CRM-1514350,12
CRM-1508100,15
CRM-795950,41
CRM-1446350,28
CRM-1541800,3
CRM-1446100,29
CRM-278350,6
CRM-673950,46
CRM-1516800,13
CRM-257050,63
CRM-635300,23
CRM-390850,13
CRM-1503350,14
CRM-1512600,6
CRM-1544350,7
CRM-378500,13
CRM-1087500,13
CRM-311050,32
CRM-1513150,2
CRM-172150,21
CRM-1494600,18
CRM-159600,50
CRM-249050,29
CRM-1480750,22
CRM-152500,30
CRM-1277050,14
CRM-208800,56
CRM-154300,53
CRM-1543650,10
CRM-1543600,10
CRM-1543700,10
CRM-1543850,10
CRM-1543800,10
CRM-1497300,12
CRM-1298350,9
CRM-1597300,2
CRM-1317050,34
CRM-470350,9
CRM-347750,29
CRM-222250,64
CRM-1520800,13
CRM-950500,25
CRM-950450,40
CRM-1435500,33
CRM-1335000,27
CRM-1444350,23
CRM-378650,4
CRM-428600,7
CRM-1454700,17
CRM-1565550,5
CRM-434600,52
CRM-1452450,23
CRM-1010150,38
CRM-1484650,4
CRM-355600,22
CRM-355650,9
CRM-1499950,16
CRM-1513100,14
CRM-160500,63
CRM-160450,63
CRM-1454000,10
CRM-1459750,6
CRM-440850,7
CRM-1539500,8
CRM-732700,8
CRM-825500,15
CRM-265500,8
CRM-261450,20
CRM-1454750,28
CRM-241400,60
CRM-201900,12
CRM-169350,55
CRM-1553550,1
CRM-249450,3
CRM-530450,47
CRM-151000,3
CRM-157400,2
CRM-1471850,24
CRM-735500,37
CRM-264900,61
CRM-237600,59
CRM-1482600,3
CRM-1478450,21
CRM-1554250,6
CRM-1586300,4
CRM-161200,30
CRM-1485100,19
CRM-268550,60
CRM-1537950,3
CRM-1454900,12
CRM-513950,24
CRM-1373550,11
CRM-1476950,23
CRM-1477000,23
CRM-1477050,23
CRM-1152000,22
CRM-1600650,1
CRM-157350,38
CRM-498050,10
CRM-1442450,32
CRM-1443550,29
CRM-1477450,23
CRM-174850,11
CRM-660400,47
CRM-261400,6
CRM-1450050,12
CRM-742850,30
CRM-1565600,6
CRM-1597350,3
CRM-1526250,3
CRM-300200,14
CRM-1474800,5
CRM-886850,4
CRM-1468550,15
CRM-1578450,3
CRM-1078250,9
CRM-1078400,9
CRM-1078300,9
CRM-1078450,9
CRM-361800,55
CRM-1531400,9
CRM-1485200,20
CRM-1479100,23
CRM-169650,9
CRM-1455200,27
CRM-157300,26
CRM-1023900,3
CRM-240000,10
CRM-1443000,2
CRM-1472750,9
CRM-183350,39
CRM-234950,11
CRM-1463050,23
CRM-1520350,11
CRM-272600,60
CRM-1091150,36
CRM-686250,13
CRM-166300,72
CRM-595750,24
CRM-1493450,4
CRM-1560250,5
CRM-1538350,6
CRM-1559750,5
CRM-482500,7
CRM-195300,57
CRM-1455450,8
CRM-1456900,27
CRM-1378600,32
CRM-1585400,2
CRM-312150,1
CRM-1477100,12
CRM-712600,44
CRM-162150,12
CRM-214800,27
CRM-314650,18
CRM-1560700,6
CRM-163750,43
CRM-496650,25
CRM-225550,11
CRM-1580150,3
CRM-1514850,2
CRM-1487900,20
CRM-1403300,23
CRM-1484600,20
CRM-1562450,4
CRM-281300,57
CRM-885100,11
CRM-463700,6
CRM-159450,48
CRM-156600,10
CRM-1490950,19
CRM-1491000,19
CRM-1473000,60
CRM-599300,3
CRM-195200,4
CRM-1190750,26
CRM-639400,31
CRM-1194100,37
CRM-1514900,8
CRM-1508950,8
CRM-1509300,8
CRM-1509350,8
CRM-1557800,2
CRM-1529300,3
CRM-1480800,12
CRM-173800,68
CRM-635700,35
CRM-836050,30
CRM-836200,30
CRM-836250,30
CRM-836150,30
CRM-571300,50
CRM-1443750,23
CRM-1435900,8
CRM-1443150,29
CRM-1450600,13
CRM-1132850,12
CRM-563450,50
CRM-1567650,4
CRM-581600,44
CRM-1455900,13
CRM-524950,42
CRM-794700,3
CRM-1502200,16
CRM-1453500,16
CRM-159700,37
CRM-515050,44
CRM-1482650,18
CRM-752450,20
CRM-1561000,6
CRM-1472450,10
CRM-1488300,19
CRM-1467000,12
CRM-1517250,13
CRM-1517300,13
CRM-1511100,13
CRM-1468850,8
CRM-1468900,13
CRM-1468950,13
CRM-1459300,23
CRM-1450300,27
CRM-1444400,30
CRM-152450,63
CRM-1032050,6
CRM-483850,12
CRM-1393900,31
CRM-1580700,4
CRM-1577000,4
CRM-912150,36
CRM-1291050,27
CRM-206600,12
CRM-1560050,6
CRM-1598500,3
CRM-317450,57
CRM-1554300,7
CRM-5599700,1
CRM-1535400,4
CRM-5604400,1
CRM-1050750,11
CRM-1554150,8
CRM-1460300,17
CRM-744000,37
CRM-1430450,9
CRM-1577850,4
CRM-161650,72
CRM-744050,37
CRM-274200,20
CRM-1500150,16
CRM-1453700,15
CRM-1442150,29
CRM-621600,41
CRM-270300,13
CRM-775100,10
CRM-1510500,12
CRM-1451150,7
CRM-1479050,18
CRM-1531150,9
CRM-1359550,9
CRM-1503450,14
CRM-5606700,1
CRM-151950,12
CRM-1476600,23
CRM-1460400,12
CRM-248500,61
CRM-664600,5
CRM-642900,32
CRM-1350200,29
CRM-1442900,11
CRM-494250,37
CRM-1499450,8
CRM-1516600,9
CRM-219350,43
CRM-1538000,8
CRM-1495000,16
CRM-1516550,11
CRM-1082550,35
CRM-1082600,27
CRM-452700,32
CRM-1090100,26
CRM-1538100,10
CRM-1517850,13
CRM-1329700,16
CRM-1478700,21
CRM-1478750,22
CRM-1030400,24
CRM-1497600,12
CRM-987600,18
CRM-920750,37
CRM-252250,61
CRM-1483000,20
CRM-1544850,8
CRM-269400,11
CRM-1582300,4
CRM-415750,35
CRM-1449950,24
CRM-1455850,24
CRM-1553350,8
CRM-304700,15
CRM-5602050,1
CRM-1491800,3
CRM-914900,11
CRM-1445550,30
CRM-1472400,12
CRM-1464250,6
CRM-676950,5
CRM-476850,49
CRM-152650,21
CRM-1586050,1
CRM-1479400,5
CRM-1449650,12
CRM-1129500,24
CRM-158150,58
CRM-1465350,7
CRM-1457950,19
CRM-1465400,7
CRM-1465450,7
CRM-1465500,7
CRM-1465550,7
CRM-1464550,7
CRM-1464600,7
CRM-1465600,7
CRM-604150,4
CRM-166200,44
CRM-1469550,23
CRM-1461200,26
CRM-1526800,13
CRM-1482900,6
CRM-607050,7
CRM-1495750,12
CRM-1562650,1
CRM-408050,18
CRM-1586100,1
CRM-1484350,15
CRM-1509150,15
CRM-1459450,27
CRM-1459500,26
CRM-1443100,31
CRM-1499750,10
CRM-856450,12
CRM-730800,45
CRM-1461450,25
CRM-1586700,3
CRM-223500,21
CRM-841000,21
CRM-461200,6
CRM-1442350,29
CRM-1469650,2
CRM-1206050,33
CRM-1557850,4
CRM-630550,14
CRM-1471900,24
CRM-1481350,22
CRM-1481300,22
CRM-1580750,4
CRM-1483300,3
CRM-1454150,28
CRM-1526200,10
CRM-665150,29
CRM-1466250,23
CRM-397650,5
CRM-1131850,26
CRM-1126800,28
CRM-726400,43
CRM-859900,39
CRM-1442400,11
CRM-185950,12
CRM-572250,12
CRM-228050,28
CRM-1530400,10
CRM-470750,53
CRM-1459900,2
CRM-1517350,13
CRM-158300,29
CRM-512700,20
CRM-1486050,21
CRM-1511050,12
CRM-1102650,37
CRM-1458950,24
CRM-1549550,7
CRM-1578400,2
CRM-1508650,6
CRM-1506000,13
CRM-1506050,13
CRM-1506100,13
CRM-1511600,13
CRM-1597450,5
CRM-1597500,4
CRM-1597550,4
CRM-1600400,5
CRM-1597600,5
CRM-1598600,1
CRM-1599850,5
CRM-1597650,4
CRM-1506200,13
CRM-1601450,5
CRM-1506250,13
CRM-1577400,7
CRM-1598700,5
CRM-1506300,13
CRM-226650,6
CRM-1005900,36
CRM-957900,39
CRM-1473950,23
CRM-1552700,7
CRM-1473450,24
CRM-1473500,16
CRM-1473550,21
CRM-902900,42
CRM-1474000,23
CRM-1473600,22
CRM-1474050,23
CRM-1473650,22
CRM-419600,47
CRM-5613650,7
CRM-788200,2
CRM-322550,57
CRM-619650,35
CRM-1461250,23
CRM-295200,4
CRM-185100,20
CRM-1233800,13
CRM-1511250,14
CRM-1448650,26
CRM-1517950,10
CRM-1518000,13
CRM-1518050,13
CRM-1492500,17
CRM-726750,44
CRM-1486150,19
CRM-1537450,9
CRM-253900,26
CRM-1569600,4
CRM-1589800,4
CRM-1597150,4
CRM-1499650,16
CRM-726200,3
CRM-660050,9
CRM-1488950,16
CRM-421850,51
CRM-1517750,11
CRM-1458500,24
CRM-291050,59
CRM-618000,26
CRM-1036400,11
CRM-1090300,20
CRM-1549450,5
CRM-1493850,12
CRM-1607000,2
CRM-1479000,23
CRM-1589200,3
CRM-729700,17
CRM-185700,18
CRM-1598050,1
CRM-531500,40
CRM-1544250,3
CRM-1470800,22
CRM-593800,22
CRM-176100,58
CRM-774850,42
CRM-209750,17
CRM-155400,48
CRM-1537600,8
CRM-1512950,14
CRM-580050,38
CRM-661350,44
CRM-637400,14
CRM-1600200,5
CRM-1574200,5
CRM-172500,3
CRM-471450,27
CRM-579650,25
CRM-1289700,24
CRM-495600,22
CRM-1449300,25
CRM-862500,4
CRM-1494700,16
CRM-243550,63
CRM-247250,10
CRM-1586150,1
CRM-1586200,1
CRM-1443800,14
CRM-1086200,30
CRM-151450,72
CRM-163900,40
CRM-1608350,2
CRM-647750,1
CRM-571450,11
CRM-229300,35
CRM-360100,25
CRM-5607750,1
CRM-1445300,3
CRM-159050,36
CRM-157700,71
CRM-1458550,21
CRM-201250,19
CRM-1476650,23
CRM-1536150,7
CRM-1498700,16
CRM-161600,72
CRM-1393800,31
CRM-1449450,3
CRM-1449700,26
CRM-1471950,24
CRM-1172250,32
CRM-1364950,21
CRM-1595750,2
CRM-1169800,13
CRM-1462000,26
CRM-1537150,7
CRM-168850,45
CRM-1454450,28
CRM-531300,27
CRM-408200,3
CRM-1461900,3
CRM-907550,28
CRM-1380800,14
CRM-351350,54
CRM-1537850,9
CRM-634850,33
CRM-1518300,12
CRM-588950,22
CRM-1483950,12
CRM-153550,18
CRM-718100,24
CRM-537750,6
CRM-1544950,5
CRM-1444950,25
CRM-310250,2
CRM-314800,31
CRM-463250,25
CRM-1301500,34
CRM-1569850,4
CRM-361700,2
CRM-561800,13
CRM-1500050,14
CRM-1476900,22
CRM-1541350,7
CRM-1519500,11
CRM-1486500,21
CRM-1486550,21
CRM-1457250,21
CRM-1570650,7
CRM-5607000,1
CRM-151800,8
CRM-1494250,18
CRM-1496500,19
CRM-1554900,3
CRM-156950,72
CRM-153750,72
CRM-1509650,5
CRM-1507550,4
CRM-1543300,7
CRM-1559250,7
CRM-1561300,7
CRM-1480950,22
CRM-1545000,6
CRM-468500,37
CRM-1075600,7
CRM-1488350,18
CRM-775900,19
CRM-1460500,27
CRM-1482200,22
CRM-1586950,4
CRM-160400,41
CRM-966450,36
CRM-642800,8
CRM-1468650,21
CRM-1466300,14
CRM-1466350,14
CRM-1485150,19
CRM-152250,8
CRM-1172550,26
CRM-486200,8
CRM-352050,10
CRM-1456300,28
CRM-1596650,2
CRM-1526750,7
CRM-153600,72
CRM-807000,2
CRM-1341800,9
CRM-1579750,4
CRM-1577800,4
CRM-991150,15
CRM-1449600,3
CRM-1478400,21
CRM-836700,12
CRM-1461850,15
CRM-530100,50
CRM-1485300,17
CRM-797050,5
CRM-1469250,24
CRM-993250,35
CRM-201800,12
CRM-719100,28
CRM-311000,12
CRM-1373400,30
CRM-211950,3
CRM-1510550,5
CRM-1460600,13
CRM-1511300,5
CRM-1463600,27
CRM-418000,19
CRM-1490500,19
CRM-1471150,21
CRM-1360750,14
CRM-1569900,5
CRM-1455150,13
CRM-476750,49
CRM-156700,72
CRM-1199150,36
CRM-783350,10
CRM-1489900,19
CRM-1489550,17
CRM-698100,6
CRM-150600,33
CRM-295100,2
CRM-1473850,22
CRM-1573600,4
CRM-763800,9
CRM-1468150,24
CRM-1489150,17
CRM-1472000,24
CRM-1491100,19
CRM-1526050,10
CRM-1449750,6
CRM-1453250,27
CRM-1481200,12
CRM-1462250,26
CRM-157250,27
CRM-1370150,26
CRM-176450,68
CRM-157000,71
CRM-1469500,7
CRM-250450,47
CRM-1460550,13
CRM-748200,30
CRM-417000,9
CRM-166850,31
CRM-1521150,10
CRM-1513500,5
CRM-153650,12
CRM-412550,10
CRM-1489450,12
CRM-665100,29
CRM-1580200,2
CRM-1560300,3
CRM-165750,72
CRM-226150,62
CRM-306500,36
CRM-1586550,6
CRM-1525250,12
CRM-1520550,12
CRM-1518400,13
CRM-164850,55
CRM-1585350,5
CRM-1474200,24
CRM-1538750,8
CRM-997700,13
CRM-1580250,3
CRM-508750,14
CRM-159350,4
CRM-190650,16
CRM-1589550,4
CRM-606900,44
CRM-861200,36
CRM-983600,45
CRM-1534700,7
CRM-1567200,2
CRM-1441500,23
CRM-1513550,13
CRM-1509750,13
CRM-1482500,19
CRM-1482550,19
CRM-1467650,26
CRM-1513650,12
CRM-1513600,12
CRM-1130700,35
CRM-1130750,21
CRM-1453200,3
CRM-1227550,26
CRM-499900,48
CRM-476600,49
CRM-428950,19
CRM-1050600,13
CRM-917450,27
CRM-150700,30
CRM-708200,12
CRM-227850,11
CRM-405100,36
CRM-505050,36
CRM-1472050,24
CRM-1102900,28
CRM-452650,17
CRM-712800,3
CRM-421050,36
CRM-1444700,30
CRM-1460700,26
CRM-276400,59
CRM-1099250,13
CRM-219450,14
CRM-1499000,16
CRM-1503050,12
CRM-1542550,8
CRM-1172500,32
CRM-689550,26
CRM-1469950,24
CRM-1470000,18
CRM-1470050,24
CRM-1517200,11
CRM-1295850,3
CRM-715900,41
CRM-1496000,12
CRM-1478850,12
CRM-219200,9
CRM-5602400,1
CRM-1503000,13
CRM-1535650,4
CRM-785050,4
CRM-789100,16
CRM-1510800,9
CRM-169050,68
CRM-1445750,28
CRM-1587450,2
CRM-776800,9
CRM-1528700,7
CRM-401650,5
CRM-243250,26
CRM-764500,25
CRM-1514450,3
CRM-1514500,3
CRM-160300,72
CRM-1477350,24
CRM-900250,17
CRM-430100,6
CRM-463500,53
CRM-169400,9
CRM-1079950,27
CRM-156900,24
CRM-1517700,4
CRM-463600,41
CRM-153850,16
CRM-1460450,12
CRM-1548400,8
CRM-1584300,3
CRM-1610300,6
CRM-198050,17
CRM-421250,10
CRM-406850,13
CRM-406800,22
CRM-421150,22
CRM-406900,22
CRM-421200,10
CRM-406750,20
CRM-421300,10
CRM-406950,22
CRM-227250,3
CRM-160050,14
CRM-1459100,27
CRM-1498000,8
CRM-1446800,12
CRM-1544750,9
CRM-1493300,12
CRM-840750,8
CRM-631850,44
CRM-1574450,3
CRM-1449400,30
CRM-1501000,12
CRM-1469350,8
CRM-379050,21
CRM-671450,42
CRM-172100,62
CRM-1177950,16
CRM-1481000,14
CRM-1512550,14
CRM-166750,66
CRM-363150,3
CRM-1496550,19
CRM-219500,5
CRM-1586750,2
CRM-269450,3
CRM-169450,2
CRM-166350,70
CRM-198900,8
CRM-237450,29
CRM-1528100,11
CRM-459950,40
CRM-726500,12
CRM-227350,8
CRM-1482800,16
CRM-153200,36
CRM-1484200,5
CRM-1421300,22
CRM-1493550,19
CRM-390000,12
CRM-362600,8
CRM-615000,47
CRM-746450,13
CRM-1514000,13
CRM-337850,11
CRM-1489800,14
CRM-420000,23
CRM-1478500,18
CRM-1523000,4
CRM-1245850,3
CRM-1245900,3
CRM-244700,37
CRM-925400,15
CRM-268450,38
CRM-161950,47
CRM-161900,51
CRM-240800,47
CRM-259250,39
CRM-1529250,11
CRM-1445800,4
CRM-1549250,5
CRM-1509850,7
CRM-281750,36
CRM-1542150,9
CRM-1542100,9
CRM-1579100,5
CRM-332800,6
CRM-1052200,30
CRM-713250,27
CRM-1495500,17
CRM-168000,42
CRM-237650,41
CRM-1472100,24
CRM-729600,3
CRM-1242200,35
CRM-732000,25
CRM-154100,3
CRM-150850,19
CRM-1538550,8
CRM-1172300,32
CRM-1364800,21
CRM-1449550,30
CRM-1455300,28
CRM-1496950,11
CRM-174300,12
CRM-1437300,31
CRM-1527250,10
CRM-1601650,3
CRM-268150,11
CRM-1414900,32
CRM-1587350,4
CRM-1028200,24
CRM-158050,60
CRM-1304000,11
CRM-1525300,7
CRM-263000,4
CRM-289850,57
CRM-746200,12
CRM-1493750,14
CRM-916650,25
CRM-815850,30
CRM-1280600,20
CRM-1553900,7
CRM-1607750,4
CRM-1486100,12
CRM-1464000,15
CRM-477800,38
CRM-1307700,24
CRM-1453900,23
CRM-1585300,5
CRM-1472150,24
CRM-535000,36
CRM-151700,57
CRM-1541850,9
CRM-1451200,26
CRM-154250,34
CRM-1597700,1
CRM-1446850,18
CRM-1476750,23
CRM-203250,62
CRM-1536000,9
CRM-1557350,5
CRM-1566350,7
CRM-1539150,7
CRM-199050,38
CRM-152850,22
CRM-1538700,8
CRM-1071750,18
CRM-169000,18
CRM-573700,28
CRM-531350,36
CRM-1507700,8
CRM-1510250,3
CRM-1551800,5
CRM-1586250,1
CRM-1492800,13
CRM-1554200,8
CRM-1384400,18
CRM-1492850,13
CRM-158100,44
CRM-1105850,3
CRM-1484000,19
CRM-1513800,13
CRM-1543550,7
CRM-1581100,4
CRM-1607500,5
CRM-990850,3
CRM-338550,10
CRM-1354300,7
CRM-459100,15
CRM-1478600,11
CRM-205950,44
CRM-394200,44
CRM-580650,49
CRM-626250,53
CRM-590150,49
CRM-1489000,12
CRM-617450,51
CRM-608250,53
CRM-480100,49
CRM-1536450,18
CRM-714500,44
CRM-652450,46
CRM-1517900,13
CRM-1520600,13
CRM-1557700,6
CRM-1488400,19
CRM-1492950,19
CRM-1607550,2
CRM-676000,3
CRM-414350,14
CRM-1456700,10
CRM-687150,11
CRM-1500350,16
CRM-1511200,13
CRM-211150,21
CRM-1518650,10
CRM-1559800,7
CRM-552750,6
CRM-957750,19
CRM-266200,61
CRM-949800,39
CRM-152000,67
CRM-1468400,12
CRM-1469600,15
CRM-152350,30
CRM-175750,30
CRM-1496600,19
CRM-154200,33
CRM-1476400,2
CRM-609800,2
CRM-152750,46
CRM-1500800,17
CRM-1497200,12
CRM-1498250,7
CRM-1514800,12
CRM-1496650,12
CRM-517600,19
CRM-1470400,21
CRM-1496300,18
CRM-1577200,5
CRM-1513400,14
CRM-1482150,12
CRM-519200,7
CRM-351050,55
CRM-1582450,3
CRM-1482000,21
CRM-1542300,8
CRM-1241050,14
CRM-277650,60
CRM-1562700,4
CRM-1099500,12
CRM-719250,25
CRM-1458250,3
CRM-158000,36
CRM-1508150,12
CRM-1481150,18
CRM-237550,31
CRM-1566750,4
CRM-1490750,17
CRM-566500,7
CRM-1607800,3
CRM-1531550,10
CRM-1051750,30
CRM-830700,42
CRM-833950,39
CRM-1216050,32
CRM-1331650,4
CRM-169300,9
CRM-1454200,24
CRM-1463400,25
CRM-1488450,17
CRM-1495800,6
CRM-153700,46
CRM-186200,20
CRM-243350,19
CRM-152550,71
CRM-169200,58
CRM-232800,16
CRM-159500,22
CRM-559400,5
CRM-783450,43
CRM-1536550,7
CRM-1500500,12
CRM-5604350,1
CRM-155450,72
CRM-1453850,19
CRM-993300,26
CRM-230750,21
CRM-1499600,17
CRM-1594350,4
CRM-1451550,28
CRM-1494200,12
CRM-1452500,3